[
    {
        "nombre": "Cerveza",
        "costo": 4,
        "stock": 650,
        "mililitros": 500,
        "graduacionAlcoholica": 5.0,
        "precio": 6.4
    },
    {
        "nombre": "Jugo de Naranja",
        "costo": 1.5,
        "stock": 50,
        "mililitros": 330,
        "sabor": "Naranja",
        "natural": true,
        "precio": 2.25
    },
    {
        "nombre": "Gaseosa CocaCola",
        "costo": 1.0,
        "stock": 200,
        "mililitros": 355,
        "sabor": "CocaCola",
        "natural": false,
        "precio": 1.5
    },
    {
        "nombre": "Vino Tinto",
        "costo": 10.0,
        "stock": 30,
        "mililitros": 750,
        "graduacionAlcoholica": 12.5,
        "precio": 16.0
    },
    {
        "nombre": "Agua Mineral",
        "costo": 0.8,
        "stock": 500,
        "mililitros": 500,
        "sabor": "Natural",
        "natural": true,
        "precio": 1.2000000000000002
    }
]